educacion,ingreso,sexo,y
15.35901287,2.823917328,hombre,yes
17.93402558,6.862291333,hombre,no
12.82201413,2.72486755,hombre,yes
15.01707811,4.175714434,hombre,no
18.92088622,4.892555778,hombre,no
17.97586438,4.291032028,hombre,no
8.870539934,4.400025952,hombre,yes
15.97380263,5.599416667,hombre,no
16.58630973,4.611974446,hombre,no
9.963163347,5.903988141,hombre,yes
14.4390045,4.381477381,hombre,no
14.50910104,2.309470447,hombre,yes
8.562947954,3.610153973,hombre,yes
15.97023507,4.470610173,hombre,no
14.64476845,2.389382516,hombre,yes
16.56032349,6.719428267,hombre,no
13.84188099,1.885514607,hombre,yes
17.97304392,2.099175281,hombre,yes
19.5797251,1.672884148,hombre,yes
13.6704587,3.999898707,hombre,yes
19.11144322,2.186249063,hombre,no
12.91992899,6.72836291,hombre,no
13.49823361,2.314911048,hombre,yes
18.23513098,2.245702288,hombre,yes
16.20797426,5.303807175,hombre,no
17.17242807,4.81559259,hombre,no
18.34180231,1.888602803,hombre,yes
10.51159284,4.275302154,hombre,yes
12.96206568,4.447975451,hombre,yes
10.99922761,5.706542219,hombre,no
15.8783881,5.300528924,hombre,no
13.69691416,1.683513812,hombre,yes
13.86490109,2.560444942,hombre,yes
17.31155364,3.079036976,hombre,no
19.66081895,4.353780367,hombre,no
11.59508887,6.166765814,hombre,no
11.51072873,5.172626881,hombre,yes
9.110576781,3.507889653,hombre,yes
14.03696882,4.512455132,hombre,no
12.65729972,3.111208694,hombre,yes
15.21258173,1.980656165,hombre,yes
12.34907961,6.926629897,hombre,no
9.534905503,1.543772021,hombre,yes
16.95749725,6.832388284,hombre,no
9.237107843,4.413336396,hombre,yes
14.41407176,4.659667465,hombre,no
19.32376251,2.711477013,hombre,no
14.4589892,6.602538636,hombre,no
15.83703863,1.812082124,hombre,yes
19.21993276,6.899125075,hombre,no
14.28163883,6.754199559,hombre,no
19.36168597,6.933059464,hombre,no
14.43326068,6.814163423,hombre,no
10.76114921,2.887019309,hombre,yes
9.83779694,1.535232485,hombre,yes
11.37785554,2.015174957,hombre,yes
18.33665226,1.650334217,hombre,yes
10.59713508,2.897013106,hombre,yes
13.84436302,4.775267476,hombre,no
12.17122982,4.385265065,hombre,yes
8.103489065,2.28486378,hombre,yes
11.60325137,1.599926828,hombre,yes
17.62983349,3.521899267,hombre,no
15.46051349,3.430445312,hombre,yes
8.559058452,6.561220983,hombre,yes
19.06013619,1.82205584,hombre,yes
14.63770595,5.774215044,hombre,no
14.59266617,4.315586533,hombre,no
13.94357132,2.71940355,hombre,yes
13.02416905,2.7030543,hombre,yes
9.016691956,2.457214058,hombre,yes
19.24797912,4.928821705,hombre,no
8.511147399,4.249202151,hombre,yes
13.14451107,3.399957777,hombre,yes
10.03258376,2.175514386,hombre,yes
14.05534286,2.399927085,hombre,yes
16.92286546,5.180733021,hombre,no
18.57162355,2.376236767,hombre,no
14.48403025,5.51680199,hombre,no
8.249126351,5.867652902,hombre,yes
10.65054031,3.350863579,hombre,yes
12.98032072,5.822525619,hombre,no
15.22722658,1.571526338,hombre,yes
11.74442494,4.602604846,hombre,yes
9.289389864,6.715881897,hombre,no
11.16014855,6.235876685,hombre,no
9.278358564,4.04834905,hombre,yes
9.944299472,1.928076252,hombre,yes
13.23030929,2.990918781,hombre,yes
18.58946299,4.961777102,hombre,no
17.39960188,2.931639864,hombre,no
16.08732493,5.467495074,hombre,no
15.58939755,6.294700133,hombre,no
10.13921661,2.001985152,hombre,yes
13.17363083,5.64137202,hombre,no
11.82882057,4.969963099,hombre,yes
15.47556989,3.981865685,hombre,no
11.24890167,5.533793149,hombre,no
13.11418085,4.522088952,hombre,yes
16.94267868,4.874603661,hombre,no
17.82551485,1.782638756,hombre,yes
12.95351913,3.307379008,hombre,yes
12.73762141,2.372842957,hombre,yes
10.85291556,3.436100445,hombre,yes
15.61199519,3.274604452,hombre,yes
15.55289895,3.81629739,hombre,no
15.14354623,6.899705713,hombre,no
14.9138111,3.768044616,hombre,yes
18.44183355,2.191313242,hombre,yes
14.70738821,2.030896361,hombre,yes
9.030185294,6.04221763,hombre,yes
14.85524071,6.497139627,hombre,no
8.948291563,3.654635666,hombre,yes
9.221255169,3.988937459,hombre,yes
9.529828556,5.917293569,hombre,yes
16.5880683,6.526072673,hombre,no
13.79563718,3.656719083,hombre,yes
13.60451793,3.66822657,hombre,yes
18.17442344,6.131358723,hombre,no
16.99723341,2.527980306,hombre,yes
8.951890283,4.559263657,hombre,yes
17.38114615,4.4655336,hombre,no
11.43530973,6.019633596,hombre,no
13.22836451,1.639126961,hombre,yes
12.45949118,2.019742463,hombre,yes
8.719178373,4.010868629,hombre,yes
14.8956254,5.519656299,hombre,no
15.39428347,5.157804747,hombre,no
12.31371233,6.52018413,hombre,no
17.97325089,6.3620748,hombre,no
18.79907194,1.822999035,hombre,yes
13.85687368,6.762185194,hombre,no
14.41754377,6.057177881,hombre,no
9.975484342,5.804267113,hombre,yes
16.04627754,6.703466383,hombre,no
9.567778419,2.6813103,hombre,yes
10.17713755,1.943332753,hombre,yes
16.18093498,3.714589799,hombre,no
8.996808179,6.090982603,hombre,yes
15.53197464,1.948802497,hombre,yes
19.54491036,2.061551772,hombre,no
17.0391441,3.252521877,hombre,no
12.03300059,6.552199763,hombre,no
18.35965267,1.823869003,hombre,yes
12.50138672,4.367562368,hombre,yes
14.64394819,1.658772446,hombre,yes
10.29055742,4.113227086,hombre,yes
10.74940966,6.771774105,hombre,no
16.80527461,3.225624162,hombre,no
17.02096882,3.458806849,hombre,no
19.89814243,3.962417313,hombre,no
17.63877907,6.207718182,hombre,no
18.39541313,6.211082464,hombre,no
15.17788551,3.094544364,hombre,yes
11.9053292,5.613585604,hombre,no
17.72759549,1.719755076,hombre,yes
17.91036463,5.321479149,hombre,no
10.7497825,3.678812783,hombre,yes
17.85212941,4.99958367,hombre,no
17.42105065,2.434904009,hombre,yes
8.032734528,5.508005633,hombre,yes
19.07318557,1.897753883,hombre,yes
17.48391419,2.781752281,hombre,no
16.25927568,3.146492385,hombre,yes
17.26844452,4.10462797,hombre,no
16.18873361,4.39326563,hombre,no
18.36786706,1.876533136,hombre,yes
15.25480092,3.793787454,hombre,no
13.08903953,6.526674703,hombre,no
10.40957771,5.972327291,hombre,no
16.67241056,4.47721813,hombre,no
14.26658196,4.334337257,hombre,no
15.19150602,5.066466501,hombre,no
11.24973089,6.141646798,hombre,no
14.43394177,3.853816901,hombre,yes
19.8901303,6.797076861,hombre,no
10.67599917,4.558723282,hombre,yes
8.844891526,3.316066823,hombre,yes
18.50774177,4.478199793,hombre,no
14.25707547,5.823315958,hombre,no
14.53269634,3.116723411,hombre,yes
9.089214512,6.589188631,hombre,no
19.57805874,4.497158521,hombre,no
12.79002967,4.549376113,hombre,yes
15.67813625,4.704033389,hombre,no
18.01157326,5.130569316,hombre,no
18.81008725,2.119883635,hombre,no
14.65438382,5.911348885,hombre,no
10.52061924,3.718336944,hombre,yes
9.19033902,2.133403615,hombre,yes
13.24233244,4.084483603,hombre,yes
12.85499287,3.022024485,hombre,yes
15.63980521,4.727362261,hombre,no
10.89199897,2.762699174,hombre,yes
11.47408029,6.103787104,hombre,no
10.43086063,2.325861391,hombre,yes
10.72164186,5.166733714,hombre,yes
8.281943745,6.454984063,hombre,yes
18.58533795,4.654791597,hombre,no
14.29152233,4.881376048,hombre,no
8.164594891,2.414184053,hombre,yes
17.8643573,4.520014426,hombre,no
19.65215186,4.091309238,hombre,no
10.23011315,3.845429432,hombre,yes
17.30658569,3.367309668,hombre,no
16.96142427,4.652122217,hombre,no
19.16780088,6.442709924,hombre,no
9.245555203,6.834633817,hombre,no
8.349387304,2.182688379,hombre,yes
15.02208846,3.707640752,hombre,yes
13.31654667,6.064463499,hombre,no
18.80790893,5.41352983,hombre,no
14.80695376,6.311624936,hombre,no
15.64912276,6.143808433,hombre,no
19.25908789,4.763716083,hombre,no
9.445672801,1.61321857,hombre,yes
18.59481359,5.294815865,hombre,no
15.1615122,5.823591866,hombre,no
14.01382435,5.884080205,hombre,no
14.8487605,1.759399524,hombre,yes
13.68902928,1.500021425,hombre,yes
18.35453929,3.69388728,hombre,no
8.958747446,3.579965311,hombre,yes
10.56571139,1.78814502,hombre,yes
12.11651218,3.220420212,hombre,yes
12.4992947,5.80807372,hombre,no
14.53632083,3.220677289,hombre,yes
19.75840097,2.681148902,hombre,no
13.85003724,5.498225101,hombre,no
10.09935004,4.980334974,hombre,yes
19.00379736,4.242475963,hombre,no
18.32535521,3.185850971,hombre,no
13.58023295,1.741397079,hombre,yes
14.04484598,2.593322871,hombre,yes
10.19088813,6.413703099,hombre,no
14.70751273,4.294015104,hombre,no
16.60212927,6.696168035,hombre,no
8.477638338,6.644713786,hombre,yes
19.73613517,5.097615207,hombre,no
17.40756765,5.636005018,hombre,no
8.902395508,6.181367086,hombre,yes
14.94260189,5.499826684,hombre,no
17.17393334,3.311868872,hombre,no
16.5621773,1.554416403,hombre,yes
16.33468229,3.770495721,hombre,no
10.50086334,6.888276293,hombre,no
9.278936015,2.66780242,hombre,yes
13.61624218,2.21221391,hombre,yes
13.93577084,3.76275883,hombre,yes
12.96295398,2.124053366,hombre,yes
13.14753177,1.514962697,hombre,yes
11.43822806,5.862815832,hombre,no
16.12616673,6.512012846,hombre,no
8.18939821,3.142780978,hombre,yes
9.016633702,2.635709213,hombre,yes
15.85002789,3.64513849,hombre,no
10.80432823,3.57607398,hombre,yes
9.015716908,1.982420754,hombre,yes
18.75628978,2.243587312,hombre,no
12.44247975,4.134060478,hombre,yes
16.81194082,2.000675223,hombre,yes
9.734733086,6.963234484,hombre,no
12.23436509,3.302542756,hombre,yes
19.48862254,3.846356686,hombre,no
19.29029243,5.514751661,hombre,no
19.28479744,5.065992295,hombre,no
8.019864387,5.600218739,hombre,yes
8.555422558,6.486964494,hombre,yes
11.46443924,2.60196389,hombre,yes
17.51476832,3.766331452,hombre,no
11.75193411,3.353004089,hombre,yes
12.80111262,4.379832184,hombre,yes
19.84892028,2.650098138,hombre,no
12.74316818,4.786795327,hombre,no
8.543253426,3.980866736,hombre,yes
10.88666736,6.020812162,hombre,no
16.89985667,4.3482575,hombre,no
19.62827358,6.813212476,hombre,no
12.03098877,6.417480273,hombre,no
14.15273968,3.031438594,hombre,yes
10.24012042,6.183358212,hombre,no
13.75422181,1.703647475,hombre,yes
19.85848449,4.986087919,hombre,no
18.27733157,4.590071554,hombre,no
9.392871482,1.653250474,hombre,yes
11.17219361,2.136146395,hombre,yes
19.54037146,3.451668411,hombre,no
11.64291499,1.994518744,hombre,yes
16.69965719,2.394901159,hombre,yes
10.65189893,5.959581476,hombre,no
14.440591,4.028229849,hombre,no
12.79207024,5.739698496,hombre,no
15.48741911,1.927163492,hombre,yes
14.77637337,3.995264642,hombre,no
8.472211181,5.105341968,hombre,yes
9.677050645,6.769250801,hombre,no
16.64379972,5.897921307,hombre,no
11.20446788,5.703541547,hombre,no
18.62580807,6.279317806,hombre,no
16.401762,5.240647262,hombre,no
9.667317472,6.143049484,hombre,yes
9.197084853,3.968035035,hombre,yes
17.97928283,6.16080654,hombre,no
16.29045662,6.727818417,hombre,no
16.3582281,5.599106231,hombre,no
11.74768115,1.656753665,hombre,yes
14.27806679,3.73560572,hombre,yes
16.13376115,3.880635588,hombre,no
9.771429662,6.076743795,hombre,yes
9.962599262,3.574568953,hombre,yes
15.75970274,4.654463331,hombre,no
9.564069164,4.292442412,hombre,yes
13.02202043,6.913831058,hombre,no
10.15971959,4.311730635,hombre,yes
10.46263163,6.821352268,hombre,no
9.749907284,5.374037389,hombre,yes
11.14602564,4.183245952,hombre,yes
12.3000439,4.627116772,hombre,yes
18.56795288,4.920094872,hombre,no
17.52994224,2.310124239,hombre,yes
8.500810168,4.620194737,hombre,yes
9.87042967,3.586964435,hombre,yes
13.62239033,5.170530991,hombre,no
13.60873753,6.763126428,hombre,no
16.98610748,4.572276069,hombre,no
8.602290322,6.708835209,hombre,no
12.75509926,4.968237984,hombre,no
16.64094629,1.555544224,hombre,yes
19.25438584,2.262189275,hombre,no
17.28374772,4.790410564,hombre,no
16.32999898,6.475884349,hombre,no
14.34053872,6.023777977,hombre,no
10.07780274,5.334062414,hombre,yes
8.748041155,5.428899732,hombre,yes
12.79428846,5.840215093,hombre,no
10.54145305,6.084993723,hombre,no
14.64669159,4.972636966,hombre,no
14.52040196,3.897373386,hombre,yes
8.53713162,4.08095589,hombre,yes
18.43425778,1.84438286,hombre,yes
12.50252163,3.579456879,hombre,yes
19.68892496,4.537178085,hombre,no
17.78057314,3.352867836,hombre,no
16.17761914,3.249147129,hombre,no
9.691683302,2.357713188,hombre,yes
8.289635857,1.705439521,hombre,yes
9.534632342,4.896053417,hombre,yes
8.982964091,3.527145454,hombre,yes
12.58502249,6.453710278,hombre,no
12.21950678,3.409361888,hombre,yes
13.92971718,4.202189409,hombre,yes
11.15589782,5.178320301,hombre,yes
10.55094083,2.679873246,hombre,yes
13.0437112,3.593931945,hombre,yes
13.27049153,6.588161925,hombre,no
8.952878521,4.995954568,hombre,yes
17.7497431,6.660717289,hombre,no
19.23843393,3.690938242,hombre,no
18.70799122,2.223053828,hombre,no
18.26239084,3.832929919,hombre,no
12.0966292,4.893379078,hombre,yes
18.35922637,2.055578727,hombre,yes
16.93368961,4.936872893,hombre,no
15.48582685,5.636100497,hombre,no
11.75280355,6.74080726,hombre,no
16.66950736,2.558898986,hombre,yes
10.25780404,3.065634922,hombre,yes
12.05625776,6.319269299,hombre,no
15.47566731,2.06097051,hombre,yes
18.60194719,1.564113849,hombre,yes
18.30629033,3.746631867,hombre,no
17.59733219,1.961921305,hombre,yes
15.36696185,3.762314328,hombre,no
9.175328783,6.645034162,hombre,no
18.9834853,2.266435917,hombre,no
8.556612917,3.660372221,hombre,yes
17.54136007,5.563782216,hombre,no
10.67717215,4.582042393,hombre,yes
18.87560933,6.473577929,hombre,no
18.37465351,4.39354919,hombre,no
11.91149327,5.425957089,hombre,no
17.91981384,1.760721397,hombre,yes
19.86897418,2.784942039,hombre,no
17.9226929,1.990659251,hombre,yes
10.71785553,3.141698598,hombre,yes
19.04443889,4.738082725,hombre,no
18.43076116,2.666297402,hombre,no
16.7515218,5.268102592,hombre,no
12.25716127,5.200848555,hombre,no
17.25357369,5.430593646,hombre,no
18.98750941,4.432645074,hombre,no
17.67700281,5.373371625,hombre,no
19.81861714,5.697199803,hombre,no
17.30562386,4.022997348,hombre,no
12.32548077,2.02752946,hombre,yes
13.99703575,1.792342247,hombre,yes
14.52253821,1.923165974,hombre,yes
8.247240067,5.011050148,hombre,yes
14.20082289,2.568533537,hombre,yes
11.6720345,2.73455504,hombre,yes
12.914443,6.003922975,hombre,no
9.67318174,6.580349808,hombre,no
17.27988699,2.952314781,hombre,no
13.95058046,6.723439706,hombre,no
14.8804016,1.797232591,hombre,yes
9.407728688,4.387633807,hombre,yes
17.13809518,2.771703639,hombre,yes
19.03176471,3.010912751,hombre,no
13.19483543,6.191992918,hombre,no
15.70404073,6.432180197,hombre,no
11.64917692,2.827891711,hombre,yes
9.730042134,1.949780548,hombre,yes
10.80891659,3.396412264,hombre,yes
13.16176567,2.189109392,hombre,yes
12.47272779,6.264718003,hombre,no
18.61610825,3.52116583,hombre,no
12.77562138,2.419762972,hombre,yes
14.96590582,6.816504576,hombre,no
11.63341792,5.874255841,hombre,no
13.8093663,4.460625227,hombre,no
16.07298828,3.214938174,hombre,yes
9.487122259,2.149995691,hombre,yes
8.122352191,3.836988983,hombre,yes
12.94561745,4.994260798,hombre,no
12.84174159,4.526414685,hombre,yes
18.54603388,2.652318298,hombre,no
18.00534589,3.440282197,hombre,no
10.07647445,2.61990381,hombre,yes
18.70885801,4.340793249,hombre,no
16.00831146,3.033542343,hombre,yes
13.73701079,1.753557034,hombre,yes
12.86041211,2.933449839,hombre,yes
19.63891886,4.094502456,hombre,no
19.36106188,5.849854328,hombre,no
15.96677823,4.689797438,hombre,no
17.6928728,2.543697234,hombre,no
19.29062783,3.941567041,hombre,no
16.46578198,3.889777426,hombre,no
19.23001325,2.131308649,hombre,no
10.70524329,4.370614914,hombre,yes
19.09479949,2.088475799,hombre,no
11.1075793,4.996905828,hombre,yes
17.32788048,3.090931776,hombre,no
9.59784347,6.971439121,hombre,no
17.83020596,5.350123073,hombre,no
9.692408962,6.220110688,hombre,no
15.20809759,4.149589134,hombre,no
14.8730331,6.107889465,hombre,no
10.83672435,5.746228005,hombre,no
16.87884693,1.759816549,hombre,yes
10.37474025,4.243742265,hombre,yes
8.998881789,3.470476612,hombre,yes
15.43268457,5.077591548,hombre,no
11.92558525,1.538815472,hombre,yes
8.667835397,3.376110681,hombre,yes
8.097332342,4.723775993,hombre,yes
14.87141582,2.797305736,hombre,yes
18.84241315,1.739149754,hombre,yes
16.36143015,4.873845532,hombre,no
8.052252969,3.909895656,hombre,yes
8.659756966,4.663894333,hombre,yes
16.70030902,4.750101862,hombre,no
14.16579811,2.086096008,hombre,yes
16.04369946,4.875218851,hombre,no
19.8859258,6.659048679,hombre,no
18.31717497,6.250142026,hombre,no
12.74751113,2.644253005,hombre,yes
19.58493601,6.069455037,hombre,no
9.525323333,3.386326945,hombre,yes
8.529850286,3.665535148,hombre,yes
11.78262389,6.775250271,hombre,no
18.73684379,2.211165446,hombre,no
8.776894733,3.019413703,hombre,yes
9.933145463,2.51372915,hombre,yes
8.301406387,3.254899869,hombre,yes
8.994531928,2.801786566,hombre,yes
13.28808137,2.047789224,hombre,yes
12.62585242,2.228437612,hombre,yes
17.90708951,5.210054889,hombre,no
11.8859478,6.147990345,hombre,no
18.64585773,1.861268534,hombre,yes
9.897917836,4.123969867,hombre,yes
16.56707686,2.932006604,hombre,yes
15.80421516,3.616656509,hombre,no
11.78786749,3.808432228,hombre,yes
9.829386759,4.646789265,hombre,yes
12.41579325,3.006695318,hombre,yes
18.72079336,3.896511612,hombre,no
10.22936047,4.679236969,hombre,yes
14.94891669,4.907720354,hombre,no
11.67732525,5.346191261,hombre,no
17.73260199,4.717795686,hombre,no
17.02220434,2.604048999,hombre,yes
10.79623649,5.268896325,hombre,yes
18.75952989,1.733342446,hombre,yes
12.48723665,4.257420918,hombre,yes
16.75888288,4.437193851,hombre,no
16.20199235,4.319897216,hombre,no
15.50905894,3.940103932,hombre,no
11.55036581,6.695590724,hombre,no
14.96098656,3.989260595,hombre,no
17.89658403,4.087469514,hombre,no
19.46719633,6.22717181,hombre,no
9.899991541,6.137676056,hombre,no
12.867988,3.058836298,hombre,yes
11.0143211,6.843302775,hombre,no
9.262279514,3.757217832,hombre,yes
19.83328871,2.760317144,hombre,no
12.69456352,5.423654918,hombre,no
14.74823609,3.777949983,hombre,yes
13.5377712,6.252175212,hombre,no
10.70018801,4.558338949,hombre,yes
11.90462282,4.86489709,hombre,yes
12.20493258,6.094284354,hombre,no
19.302773,5.810940135,hombre,no
12.59059309,2.389476079,hombre,yes
11.14223592,2.409485271,hombre,yes
16.17156682,5.505574148,hombre,no
18.00968909,5.010747656,hombre,no
11.62384468,6.776753185,hombre,no
16.76634999,3.937044081,hombre,no
9.09822748,2.06886193,hombre,yes
14.70630573,2.269065166,hombre,yes
9.272916373,3.094676129,hombre,yes
8.686556123,2.712385443,hombre,yes
9.204811694,3.504207416,hombre,yes
10.38792926,2.738179831,hombre,yes
16.51400203,5.639649716,hombre,no
13.35099939,3.209736455,hombre,yes
19.81117287,2.472997652,hombre,no
15.35530747,5.545081387,hombre,no
16.4849168,3.664989421,hombre,no
19.97221063,4.910965905,hombre,no
17.53895898,2.208409337,hombre,yes
16.94961958,3.769579412,hombre,no
9.233895297,3.678733643,hombre,yes
8.991372724,4.640654499,hombre,yes
14.49697342,4.687415898,hombre,no
15.84008379,2.437903645,hombre,yes
11.99519523,2.291448694,hombre,yes
15.36692577,6.73323277,hombre,no
10.71813342,4.862551835,hombre,yes
16.63326453,6.780967304,hombre,no
14.89440474,5.365422866,hombre,no
8.29571258,6.526427179,hombre,yes
8.003292093,6.506464828,hombre,yes
14.4392158,6.615968923,hombre,no
10.97828559,5.479553384,hombre,yes
11.58920075,4.749856945,hombre,yes
17.16277258,6.471365419,hombre,no
16.79587356,4.597638814,hombre,no
9.354573145,3.990695111,hombre,yes
17.3735604,5.862500879,hombre,no
15.07430247,5.305125157,hombre,no
16.19350332,2.241675972,hombre,yes
10.59544887,2.731528438,hombre,yes
8.475171502,4.276297497,hombre,yes
13.77343645,6.165939051,hombre,no
8.740042293,5.518080842,hombre,yes
15.79450328,4.63635121,hombre,no
12.07913449,6.336631692,hombre,no
16.11476513,6.448339224,hombre,no
10.56844933,1.52412145,hombre,yes
16.03580565,1.664744131,hombre,yes
15.74710338,3.319844728,hombre,yes
18.36680743,3.2197244,hombre,no
14.22234278,5.278617288,hombre,no
16.7333122,1.520927104,hombre,yes
19.39698263,2.238290945,hombre,no
15.62766295,6.552389848,hombre,no
13.18141232,5.275276113,hombre,no
18.43081116,5.785085067,hombre,no
12.62633449,5.201733721,hombre,no
17.43495693,6.303740116,hombre,no
8.666966453,5.805215367,hombre,yes
19.96885621,5.088721843,hombre,no
9.527901229,3.650188001,hombre,yes
13.18599715,6.377229988,hombre,no
11.22700248,1.603609661,hombre,yes
19.75474742,5.732206768,hombre,no
15.32916761,5.703374987,hombre,no
17.60919914,4.190223386,hombre,no
17.69104576,5.337162199,hombre,no
15.76456052,4.605420798,hombre,no
15.84944071,1.53455402,hombre,yes
9.725860598,3.365824443,hombre,yes
12.21956991,5.545110794,hombre,no
15.18789595,6.01987751,hombre,no
13.31908964,3.738486235,hombre,yes
14.38827888,4.650524257,hombre,no
18.79437169,5.056289369,hombre,no
14.20937833,5.778719254,hombre,no
17.02955792,5.858803195,hombre,no
9.924816889,6.799908712,hombre,no
10.521672,5.539267181,hombre,yes
13.96607619,5.366306909,hombre,no
16.41861729,6.4047156,hombre,no
9.163996916,2.522479594,hombre,yes
10.03473452,6.554839685,hombre,no
11.45184941,5.070126044,hombre,yes
19.2374959,1.622808553,hombre,yes
19.65778862,2.427914975,hombre,no
19.66142069,2.590637718,hombre,no
17.37545529,2.193738185,hombre,yes
19.00311643,5.919412529,hombre,no
19.10195469,2.458235053,hombre,no
19.10840401,2.897101962,hombre,no
19.99539716,2.903461493,hombre,no
16.86285365,4.381241606,hombre,no
19.83076711,5.50269433,hombre,no
16.85051122,5.680676746,hombre,no
12.03485528,2.599998983,hombre,yes
19.47492326,5.317756945,hombre,no
19.71647004,4.757211841,hombre,no
14.70537661,2.029816481,hombre,yes
14.4938538,1.865251317,hombre,yes
18.44893137,2.469757135,hombre,no
8.449117806,6.717799511,hombre,no
19.88466354,4.048598571,hombre,no
19.21558909,3.485209374,hombre,no
17.56086712,2.940513497,hombre,no
9.43762414,5.527703198,hombre,yes
17.12024203,6.200982685,hombre,no
17.55881584,6.338014252,hombre,no
12.61826831,4.210020851,hombre,yes
18.02719807,2.01157249,hombre,yes
17.87795761,2.516666378,hombre,no
19.49508086,5.895378878,hombre,no
15.43628441,2.272922352,hombre,yes
17.97653827,6.631614964,hombre,no
8.689426375,2.302114986,hombre,yes
15.91137738,6.034084483,hombre,no
18.53460385,2.656670549,hombre,no
17.70678637,5.117254804,hombre,no
15.8830696,5.368699444,hombre,no
12.77175512,5.159680878,hombre,no
12.56874392,6.285993822,hombre,no
15.81644093,3.374596277,hombre,yes
12.68989417,5.181689804,hombre,no
11.41352876,2.212921683,hombre,yes
11.34986429,6.342524937,hombre,no
16.71351093,6.136068242,hombre,no
9.452880464,5.679547437,hombre,yes
16.2086473,5.911046287,hombre,no
14.46526711,3.15174851,hombre,yes
10.48285355,5.855381717,hombre,no
17.51239414,4.212614043,hombre,no
18.01413375,4.532053975,hombre,no
15.52835711,6.586925695,hombre,no
17.38377189,4.072604792,hombre,no
11.31625268,2.828531011,hombre,yes
8.328813892,3.281023314,hombre,yes
16.67353478,4.506996199,hombre,no
9.940758523,3.413140641,hombre,yes
10.7144104,3.554064844,hombre,yes
11.22067693,4.748014615,hombre,yes
18.74726593,6.639178323,hombre,no
8.497928914,5.332850339,hombre,yes
11.75662691,5.359959171,hombre,no
15.27654157,6.259685756,hombre,no
8.919427952,2.774409879,hombre,yes
18.95500357,3.36073991,hombre,no
10.01099478,5.090100722,hombre,yes
14.25488807,3.895922928,hombre,yes
17.36659438,5.634426566,hombre,no
12.19527898,1.610752269,hombre,yes
19.21877962,4.456763187,hombre,no
8.521787127,2.810195855,hombre,yes
19.5258962,6.900583247,hombre,no
16.78289488,3.521254106,hombre,no
14.99744062,4.004698851,hombre,no
14.12468583,2.647258218,hombre,yes
14.18026989,1.502078251,hombre,yes
8.906514532,4.693373158,hombre,yes
16.28370651,5.872546642,hombre,no
14.33008604,6.267239084,hombre,no
17.95128804,4.608945389,hombre,no
16.99778098,1.727417576,hombre,yes
10.89302287,3.295548862,hombre,yes
8.921290715,1.949914119,hombre,yes
10.52288315,4.817016074,hombre,yes
9.128043251,4.471292656,hombre,yes
9.3167013,4.025160759,hombre,yes
10.40955314,6.207464406,hombre,no
15.22495378,5.561895551,hombre,no
11.58326032,4.989071658,hombre,yes
15.0206993,2.240209977,hombre,yes
10.73549079,2.204417673,hombre,yes
19.05181022,1.814834324,hombre,yes
9.74917389,4.424579805,hombre,yes
18.8728389,3.575532555,hombre,no
11.86872771,3.565658539,hombre,yes
14.98484407,5.986288545,hombre,no
15.01163292,4.137281135,hombre,no
17.75804628,2.123678988,hombre,yes
12.77487955,3.425498517,hombre,yes
17.44945564,4.277881734,hombre,no
10.36915403,4.326590007,hombre,yes
14.45239921,4.801012341,hombre,no
8.792707741,2.493990163,hombre,yes
8.438543563,6.020284428,hombre,yes
17.33399123,2.016195215,hombre,yes
16.08006213,4.702400665,hombre,no
11.49183924,5.473052094,hombre,no
11.91632839,2.090323548,hombre,yes
19.37482087,3.937439963,hombre,no
13.02453532,5.211155846,hombre,no
10.03865559,5.423941624,hombre,yes
13.78452433,4.494860776,hombre,no
9.02039125,5.171044717,hombre,yes
14.35119729,3.817837012,hombre,yes
16.52563423,4.881472806,hombre,no
17.55526747,5.287846498,hombre,no
18.7511294,2.089452197,hombre,no
9.342344403,3.449082252,hombre,yes
11.30716534,4.46934658,hombre,yes
8.022540287,5.731015041,hombre,yes
8.260946712,3.417475548,hombre,yes
13.22093651,3.595832221,hombre,yes
13.12499069,3.677743821,hombre,yes
19.54945561,3.968562966,hombre,no
8.92749441,6.854497378,hombre,no
10.03510937,3.208142382,hombre,yes
18.65645572,5.336994621,hombre,no
14.65318142,3.940353368,hombre,no
10.09707186,4.6414674,hombre,yes
17.65184251,6.556206436,hombre,no
19.22956463,3.475216476,hombre,no
15.40035201,5.683684503,hombre,no
19.67794868,4.382849765,hombre,no
8.340751147,3.576090866,hombre,yes
9.269412173,4.323069373,hombre,yes
8.884956721,6.005545187,hombre,yes
13.39378702,4.930872991,hombre,no
9.347389175,1.933363591,hombre,yes
15.22955417,5.711497828,hombre,no
9.02805932,3.059003673,hombre,yes
18.93712168,6.491632789,hombre,no
10.42972829,5.188118408,hombre,yes
19.12287501,3.881082542,hombre,no
12.97511216,3.790899423,hombre,yes
9.355126604,1.975604969,hombre,yes
13.84894455,6.048847667,hombre,no
12.59674277,6.253064309,hombre,no
18.27870993,2.279053127,hombre,no
9.78015251,2.826369497,hombre,yes
19.69694643,5.279925735,hombre,no
19.12820994,1.635289468,hombre,yes
16.39143709,2.537593737,hombre,yes
12.83758077,6.560427831,hombre,no
14.52673413,6.527164382,hombre,no
9.32160831,5.422231686,hombre,yes
12.92652151,6.766583363,hombre,no
18.46784481,2.428849268,hombre,no
17.54516738,3.956998843,hombre,no
17.7797513,2.446556013,hombre,yes
17.31216746,5.84135075,hombre,no
14.90746323,4.286505275,hombre,no
14.80467814,5.986566719,hombre,no
8.931332489,5.648122089,hombre,yes
8.444897344,5.734611145,hombre,yes
8.459485376,2.473864946,hombre,yes
10.70808231,4.394460713,hombre,yes
9.979918383,2.101795846,hombre,yes
13.25336953,3.857621366,hombre,yes
10.00929179,6.456885276,hombre,no
9.643826482,4.260770104,hombre,yes
17.48031503,5.596015251,hombre,no
11.91379806,6.243683986,hombre,no
19.89618649,3.545264005,hombre,no
11.75652868,2.153487828,hombre,yes
9.265371727,3.31608992,hombre,yes
16.1089504,4.173624309,hombre,no
13.09268351,6.761272726,hombre,no
10.94558287,2.977627246,hombre,yes
18.58003881,4.508534039,hombre,no
8.708625037,1.826365156,hombre,yes
14.44983263,2.205821051,hombre,yes
8.336067094,4.622875563,hombre,yes
11.29811788,3.21119101,hombre,yes
8.886694776,2.923088596,hombre,yes
9.372925987,3.808180321,hombre,yes
11.10537969,5.145302503,hombre,yes
15.39587172,6.300879631,hombre,no
13.824297,1.933523092,hombre,yes
14.85137831,2.810172424,hombre,yes
10.29615682,4.586188136,hombre,yes
13.65855237,3.334088138,hombre,yes
17.60371438,2.313385452,hombre,yes
19.65675874,5.326682675,hombre,no
18.8831455,6.610619162,hombre,no
8.680486807,6.586429424,hombre,yes
14.55058769,5.598135658,hombre,no
18.15690521,2.557115313,hombre,no
14.90311271,4.539703957,hombre,no
18.39543736,5.746565509,hombre,no
17.65237674,3.50538291,hombre,no
19.35137047,4.327066112,hombre,no
8.055891458,1.945542622,hombre,yes
10.56816046,2.842138168,hombre,yes
9.67910613,3.494229379,hombre,yes
15.43058906,5.426406204,hombre,no
9.804349676,5.961774942,hombre,yes
11.10944922,2.222717109,hombre,yes
10.04979295,1.827480181,hombre,yes
16.30462709,4.001284126,hombre,no
17.36252752,3.613541012,hombre,no
14.46019312,4.530008315,hombre,no
13.86804394,3.373967518,hombre,yes
11.38807959,2.757806473,hombre,yes
12.32574554,3.234183682,hombre,yes
17.33534529,4.607690778,hombre,no
17.40651055,1.574645421,hombre,yes
10.87077356,3.908027815,hombre,yes
9.620242092,5.955325266,hombre,yes
16.2090069,6.893401039,hombre,no
13.85832475,2.944890411,hombre,yes
18.63877906,6.594988688,hombre,no
16.44972826,2.921315389,hombre,yes
19.86885365,2.732172742,hombre,no
16.47026091,2.515297584,hombre,yes
19.29612239,6.851327899,hombre,no
10.63846375,3.245668895,hombre,yes
10.79466712,6.120664893,hombre,no
18.26120162,5.456593531,hombre,no
19.21230284,2.688129482,hombre,no
10.7439112,3.928536423,hombre,yes
15.22783903,2.037787829,hombre,yes
18.65446504,3.580653014,hombre,no
12.17982313,2.475542951,hombre,yes
10.78697144,3.771159084,hombre,yes
12.46682124,3.116344935,hombre,yes
13.15927227,2.159165311,hombre,yes
10.44370384,3.41271305,hombre,yes
16.59476256,5.331300153,hombre,no
10.149073,4.805359693,hombre,yes
16.36149764,4.794364416,hombre,no
11.05930472,3.680684622,hombre,yes
17.53965436,6.957208137,hombre,no
11.94208318,4.263235247,hombre,yes
16.56415624,6.877589771,hombre,no
10.55955927,1.816505547,hombre,yes
9.987038212,5.327050554,hombre,yes
18.73242285,5.216200455,hombre,no
11.09903293,5.948456578,hombre,no
8.313913388,3.849181411,hombre,yes
18.58488149,5.400570652,hombre,no
12.30319165,6.084196601,hombre,no
12.98202034,3.45635322,hombre,yes
18.47365226,2.567739799,hombre,no
11.28587845,3.801895042,hombre,yes
14.62255813,5.443012528,hombre,no
15.12972934,2.692959022,hombre,yes
9.624843461,3.29651663,hombre,yes
14.58060582,2.962626847,hombre,yes
17.02271825,6.555781211,hombre,no
13.2771446,3.855490268,hombre,yes
12.89264628,3.72163411,hombre,yes
19.40654244,3.87048458,hombre,no
14.26298086,3.82285167,hombre,yes
19.70528189,5.733977768,hombre,no
8.038331061,3.821646526,hombre,yes
19.95755451,5.619263636,hombre,no
19.66682786,1.635940731,hombre,yes
11.62320689,2.37060916,hombre,yes
16.92366333,3.912227013,hombre,no
17.36987664,4.598418252,hombre,no
9.868289697,6.19105119,hombre,no
15.98375472,6.281832111,hombre,no
15.09129646,5.532992348,hombre,no
14.27723128,6.304185281,hombre,no
13.19605096,2.456955809,hombre,yes
12.28607758,3.20435191,hombre,yes
13.72339053,3.660574594,hombre,yes
12.76123103,3.056353079,hombre,yes
18.79290014,4.573883982,hombre,no
11.27133045,4.025724011,hombre,yes
14.72996875,1.842687955,hombre,yes
16.63092748,4.57012594,hombre,no
18.58388969,6.731740994,hombre,no
15.43836109,6.628026595,hombre,no
16.03547335,6.115721839,hombre,no
16.73692804,1.689762812,hombre,yes
12.2842581,2.741085071,hombre,yes
13.6771393,4.56259101,hombre,no
16.80667467,4.316583298,hombre,no
10.9490347,4.343095568,hombre,yes
15.04456334,2.923987093,hombre,yes
8.758575749,3.6953978,hombre,yes
9.993576432,5.505586231,hombre,yes
10.90237636,4.829829983,hombre,yes
14.33677877,2.454482129,hombre,yes
15.00371253,2.762038371,hombre,yes
19.87013863,1.538988889,hombre,yes
10.64086325,6.818053733,hombre,no
14.39600007,6.621669307,hombre,no
9.557619113,3.624383956,hombre,yes
11.18011264,3.720434294,hombre,yes
12.41343743,5.233386132,hombre,no
16.93900712,6.293030811,hombre,no
15.75125918,4.143879566,hombre,no
19.83944603,3.397382394,hombre,no
14.31110867,2.828515335,hombre,yes
10.66485686,5.210761433,hombre,yes
13.14570093,4.479748163,hombre,yes
16.16233317,4.181477641,hombre,no
19.19571441,1.917941895,hombre,no
12.5889968,2.380069943,hombre,yes
14.34685712,4.033786329,hombre,yes
9.531963452,5.117115398,hombre,yes
17.18335799,4.397553944,hombre,no
11.24738785,6.608760789,hombre,no
15.53851957,5.119420157,hombre,no
15.87714055,5.007598939,hombre,no
11.13289241,1.961269607,hombre,yes
14.87218224,5.864830106,hombre,no
19.44387455,4.432208284,hombre,no
8.392806998,2.73624469,hombre,yes
8.353438596,5.446025752,hombre,yes
15.72956691,3.485301726,hombre,no
18.94352384,2.694767909,hombre,no
16.41540042,6.991379882,hombre,no
14.83912233,6.509000935,hombre,no
16.48190634,5.385136759,hombre,no
17.20310122,5.028906327,hombre,no
8.277031556,6.772418312,hombre,yes
11.0330219,4.648417742,hombre,yes
15.5803692,5.938680174,hombre,no
15.6864438,2.306165072,hombre,yes
13.16496612,2.379338161,hombre,yes
10.76522315,2.657968388,hombre,yes
8.945537675,4.639745839,hombre,yes
13.42039506,2.650431406,hombre,yes
13.08887306,5.940774607,hombre,no
18.16698855,3.491773925,hombre,no
9.740799882,1.632412388,hombre,yes
11.60449477,5.339717625,hombre,no
14.03868093,2.762996603,hombre,yes
8.086238119,6.405895468,hombre,yes
17.04009547,2.485349888,hombre,yes
12.00906249,1.925445815,hombre,yes
18.73598866,2.674935749,hombre,no
19.38834586,1.880779632,hombre,no
17.29553948,5.999142733,hombre,no
16.93330622,3.30165662,hombre,no
12.25624079,1.508191346,hombre,yes
19.43329105,6.280395514,hombre,no
11.64126495,2.960831825,hombre,yes
18.90348957,1.773954497,hombre,yes
16.79687188,4.279724921,hombre,no
14.42553989,5.530495841,hombre,no
9.412758327,2.728604404,hombre,yes
17.30204341,3.10273744,hombre,no
9.872155819,6.964239782,hombre,no
18.95987898,3.858541062,hombre,no
9.79159319,2.040665401,hombre,yes
16.13895881,4.308349633,hombre,no
17.10760301,2.36836151,hombre,yes
12.42543654,3.714876642,hombre,yes
13.71630302,3.920211237,hombre,yes
16.31234095,6.946015282,hombre,no
8.300312968,4.009698159,hombre,yes
12.56067264,5.666906506,hombre,no
15.78287047,6.841735706,hombre,no
10.36948987,6.181145148,hombre,no
11.15981141,3.600578722,hombre,yes
12.2291081,1.596640487,hombre,yes
15.35821007,5.621566532,hombre,no
16.29494144,3.338881739,hombre,no
19.20974329,5.906846906,hombre,no
12.55775427,6.556820382,hombre,no
15.18334816,1.978700834,hombre,yes
15.05930431,4.503833703,hombre,no
8.92245692,3.118857982,hombre,yes
14.25148622,4.822174752,hombre,no
11.70373299,4.481679043,hombre,yes
14.00434411,4.207670775,hombre,no
12.78948345,3.864074359,hombre,yes
13.19343757,4.166918261,hombre,yes
10.57893385,1.987992697,hombre,yes
13.33994977,5.415835523,hombre,no
13.8513316,5.186152364,hombre,no
9.112313816,1.910746707,hombre,yes
13.24392523,5.849065032,hombre,no
17.74780408,3.141950631,hombre,no
17.39778375,4.812724315,hombre,no
10.84554776,3.474170412,hombre,yes
8.178984107,1.679642046,hombre,yes
14.60304671,3.412820682,hombre,yes
10.91172038,3.712391933,hombre,yes
12.2760058,2.065553517,hombre,yes
16.08712001,3.498076132,hombre,no
18.30299476,6.147080929,hombre,no
14.04750344,4.207739406,hombre,no
12.05807092,6.299989226,hombre,no
19.67842757,4.626366273,hombre,no
17.05889229,4.355769719,hombre,no
9.285203964,2.212100907,hombre,yes
11.98471513,6.962382878,hombre,no
15.53134692,2.182907676,hombre,yes
12.47489629,1.992512663,mujer,yes
18.89646199,6.553423219,mujer,no
8.257650307,2.613906604,mujer,no
13.59158027,3.404345387,mujer,yes
11.57859087,2.256666781,mujer,yes
10.20602066,2.982697469,mujer,no
10.53905004,3.322492425,mujer,no
13.80343281,4.048871298,mujer,yes
17.10975225,4.695884112,mujer,yes
9.556078472,4.332746679,mujer,no
19.36898347,3.604208828,mujer,yes
18.63154856,4.205750749,mujer,yes
9.526167436,5.759717718,mujer,no
18.83257038,4.582202632,mujer,yes
13.28733764,2.8937297,mujer,yes
8.546723618,6.34539363,mujer,no
17.36873466,5.769125879,mujer,yes
12.67127169,4.884944799,mujer,no
19.74635131,4.604012449,mujer,yes
18.56909932,3.270297527,mujer,yes
9.823979612,3.930304862,mujer,no
14.88748834,3.938513325,mujer,yes
15.26974559,1.751515387,mujer,yes
12.46726497,2.809741355,mujer,yes
9.736366834,4.018169146,mujer,no
18.8350683,2.198570228,mujer,yes
9.547220114,3.546935447,mujer,no
16.98700923,6.667889907,mujer,no
17.68790891,1.892773788,mujer,yes
12.23899363,1.808275881,mujer,yes
15.73190495,1.882995086,mujer,yes
16.77928319,3.166709248,mujer,yes
11.24510973,4.150141375,mujer,no
17.9145521,3.527420309,mujer,yes
11.24351608,3.358476587,mujer,no
8.62013094,2.26717575,mujer,no
12.42593396,2.569237271,mujer,yes
16.42437102,3.139477081,mujer,yes
9.156340771,2.414017184,mujer,no
13.66696997,6.171180424,mujer,no
19.13139829,5.398408848,mujer,yes
13.33778815,3.362841855,mujer,yes
18.46052996,3.538363798,mujer,yes
9.359958654,2.804002441,mujer,no
15.98469439,2.37565882,mujer,yes
10.53379914,5.400723997,mujer,no
17.12142139,2.593410564,mujer,yes
14.78495121,4.856956699,mujer,no
17.01380886,4.650798011,mujer,yes
13.36921726,2.825837217,mujer,yes
17.05959366,1.595935139,mujer,yes
14.49562121,5.608515896,mujer,no
19.21671628,2.564209743,mujer,yes
13.75086685,6.722352141,mujer,no
19.17622896,5.513189163,mujer,yes
13.82714038,4.193146303,mujer,yes
14.93611926,3.410557868,mujer,yes
12.65611038,1.929745316,mujer,yes
12.2340626,4.969705256,mujer,no
10.0810211,2.044100205,mujer,yes
8.053667806,6.249688901,mujer,no
16.0302613,4.653135756,mujer,yes
10.88479935,4.520930832,mujer,no
8.579866848,2.512411052,mujer,no
11.01719486,3.659794601,mujer,no
19.34169605,4.490727847,mujer,yes
12.7296876,6.70295261,mujer,no
18.84871597,6.586023681,mujer,no
16.585968,4.848336019,mujer,yes
16.74385165,6.825081646,mujer,no
8.13391518,6.405650548,mujer,no
18.05714164,4.232877323,mujer,yes
17.73781546,4.581227186,mujer,yes
16.1146216,2.759660263,mujer,yes
15.48856729,5.362967881,mujer,no
17.38196452,3.240875859,mujer,yes
8.57425788,4.551745921,mujer,no
17.871354,4.345186463,mujer,yes
19.11171531,3.703577001,mujer,yes
16.7930979,3.909606626,mujer,yes
17.06985366,6.009016318,mujer,no
17.39542527,2.482634422,mujer,yes
10.92279436,4.865776544,mujer,no
18.06630713,5.49162928,mujer,yes
15.91353892,6.740442382,mujer,no
15.00114292,4.148463617,mujer,yes
17.5214297,3.050008491,mujer,yes
10.53137212,6.862493812,mujer,no
10.96119812,3.427181516,mujer,no
16.37473628,4.000200875,mujer,yes
10.40412305,5.728422256,mujer,no
12.55646188,6.35533426,mujer,no
8.381447192,4.641105418,mujer,no
12.0924698,3.132149693,mujer,yes
15.37855589,4.381894733,mujer,yes
16.43937619,4.79751859,mujer,yes
9.464793752,2.472474539,mujer,no
16.39216391,6.899812939,mujer,no
15.15021634,3.423403972,mujer,yes
12.74880823,1.812643036,mujer,yes
16.82110776,6.839741793,mujer,no
13.3613436,2.983480475,mujer,yes
11.49246701,4.165662131,mujer,no
12.14787158,5.929313137,mujer,no
8.818047676,4.954609703,mujer,no
8.525773873,5.883522642,mujer,no
17.5382104,3.582666405,mujer,yes
18.51668915,6.944147166,mujer,no
12.4255402,6.032203846,mujer,no
10.02937938,3.225496405,mujer,no
17.0876737,5.198109422,mujer,yes
19.68897983,6.844959149,mujer,yes
14.13326037,6.960521268,mujer,no
8.817788796,5.61675795,mujer,no
12.59205651,4.711637132,mujer,no
10.75261205,3.721048577,mujer,no
15.61125332,2.381602051,mujer,yes
17.85133944,3.060311135,mujer,yes
17.45551099,5.860131091,mujer,no
19.46468712,2.321572256,mujer,yes
12.7275482,4.385604396,mujer,no
10.05456793,3.605690072,mujer,no
15.48664486,6.698533323,mujer,no
10.88430194,6.024923169,mujer,no
17.85999567,6.656728682,mujer,no
10.54259317,2.412370485,mujer,yes
18.71163398,2.381437188,mujer,yes
9.469493253,4.126981335,mujer,no
17.67602974,1.730373267,mujer,yes
16.21433276,6.681969301,mujer,no
13.01416997,2.028533273,mujer,yes
16.47444464,3.056817102,mujer,yes
18.51264676,4.398001781,mujer,yes
17.42450577,3.136126934,mujer,yes
14.66114178,4.388803552,mujer,yes
13.48023496,4.501358785,mujer,no
14.2176083,6.486363122,mujer,no
19.27525819,5.092155961,mujer,yes
11.58694684,3.433805489,mujer,no
11.42649254,2.364849853,mujer,yes
15.98923141,4.581362296,mujer,yes
11.3832453,1.814629937,mujer,yes
16.41008084,2.3825783,mujer,yes
8.797688877,4.419488103,mujer,no
18.11491426,2.069543012,mujer,yes
10.9086091,3.486153905,mujer,no
15.77745245,4.123182706,mujer,yes
10.86757345,3.259499311,mujer,no
11.37746833,3.995169561,mujer,no
13.9378216,2.279908304,mujer,yes
8.7825389,6.534792124,mujer,no
17.13266582,5.073676879,mujer,yes
19.69012522,6.384379412,mujer,yes
14.03269609,5.454867658,mujer,no
18.94984372,6.896078918,mujer,no
8.331636596,2.061653941,mujer,no
19.82098296,6.241930989,mujer,yes
17.04913489,6.183825013,mujer,no
17.12737669,2.487643287,mujer,yes
15.00182831,4.446555652,mujer,yes
12.18235874,6.057552924,mujer,no
14.48299186,3.426082625,mujer,yes
9.621836126,1.709365844,mujer,yes
16.78001443,6.925641252,mujer,no
14.64029555,1.603973373,mujer,yes
10.5879553,6.575061848,mujer,no
12.31626663,5.945604388,mujer,no
14.97140116,5.377075861,mujer,no
15.9354411,5.152881088,mujer,yes
14.89686348,4.627862457,mujer,yes
12.17105621,4.057496155,mujer,no
18.5892469,2.06555868,mujer,yes
10.59514442,1.638325022,mujer,yes
18.34459701,1.54384158,mujer,yes
16.61796913,4.481860467,mujer,yes
11.52067929,3.13900429,mujer,yes
11.91899833,5.047513465,mujer,no
17.79388644,2.374397731,mujer,yes
19.97538265,6.354727312,mujer,yes
8.815848027,3.695054624,mujer,no
19.24583593,2.218214969,mujer,yes
16.93847231,6.589107831,mujer,no
13.22131484,2.065689079,mujer,yes
15.90460259,2.253802091,mujer,yes
14.93459078,2.968813378,mujer,yes
9.533726373,2.689209713,mujer,no
11.46879986,6.828124252,mujer,no
15.86121483,2.928455511,mujer,yes
18.32779534,2.524259999,mujer,yes
8.99566092,3.418582039,mujer,no
12.34187591,1.607611954,mujer,yes
8.080710231,2.048474914,mujer,no
10.30314551,3.102487442,mujer,no
15.9702156,3.785583659,mujer,yes
18.28904935,4.235324877,mujer,yes
14.0307122,6.642564327,mujer,no
8.077850862,5.295785007,mujer,no
11.08265885,3.726888064,mujer,no
12.59326673,6.219168055,mujer,no
10.45891992,6.952910987,mujer,no
16.78740107,1.920283005,mujer,yes
16.07752277,6.758244651,mujer,no
10.72848934,3.982458632,mujer,no
18.07356593,6.968874926,mujer,no
17.23949335,6.569759296,mujer,no
8.417582862,6.369163688,mujer,no
9.249208942,1.636553891,mujer,yes
11.87210264,6.927146111,mujer,no
12.73957661,2.676318722,mujer,yes
17.28444604,6.868290141,mujer,no
17.65875498,3.224888171,mujer,yes
8.742014094,2.894763909,mujer,no
14.73383117,2.926554762,mujer,yes
11.29581999,4.887715081,mujer,no
9.650990352,6.268416824,mujer,no
15.73050799,4.636967284,mujer,yes
11.22549722,4.719920921,mujer,no
12.10483,2.924963235,mujer,yes
12.88448859,2.968172591,mujer,yes
14.47064736,3.339671735,mujer,yes
10.32021609,6.475755948,mujer,no
16.68416578,6.56305481,mujer,no
19.5465074,3.091370024,mujer,yes
10.39694121,6.785581049,mujer,no
18.98171281,4.535470935,mujer,yes
18.02846839,3.419147268,mujer,yes
14.01176297,6.56642897,mujer,no
11.0707606,2.613084788,mujer,yes
8.655250522,2.206439039,mujer,no
13.5971455,5.872059822,mujer,no
9.434179636,5.896131501,mujer,no
18.62895714,4.551630287,mujer,yes
10.21609033,6.047571135,mujer,no
9.455453074,3.677025036,mujer,no
8.181642542,5.625178223,mujer,no
12.87782404,6.068395993,mujer,no
8.011484099,2.080633469,mujer,no
14.96207771,3.537247342,mujer,yes
14.68289895,6.970304927,mujer,no
14.24535557,3.335870846,mujer,yes
16.90551814,2.768835584,mujer,yes
16.08250241,1.755332425,mujer,yes
18.13262696,6.709132556,mujer,no
14.22836889,6.287062286,mujer,no
14.53259576,5.707598519,mujer,no
9.484964578,6.574203296,mujer,no
8.026195004,2.719667512,mujer,no
16.70207121,6.023327987,mujer,no
19.88400622,2.305095266,mujer,yes
16.3071808,4.135655724,mujer,yes
15.30022191,1.975443662,mujer,yes
14.42154293,3.903670254,mujer,yes
8.766003006,4.257125489,mujer,no
18.14963844,5.563617886,mujer,yes
11.85071555,4.261663201,mujer,no
9.659125548,4.554908061,mujer,no
8.622570538,4.425025971,mujer,no
14.02129156,4.884293268,mujer,no
18.64822011,4.633943691,mujer,yes
13.12717771,2.086968138,mujer,yes
13.18131248,6.299866867,mujer,no
13.63330129,3.427277997,mujer,yes
14.0706636,1.873113665,mujer,yes
17.84175512,4.117034378,mujer,yes
16.81640073,5.333712026,mujer,yes
8.262531598,4.297030036,mujer,no
8.264853589,6.47007107,mujer,no
19.57157081,6.203924914,mujer,yes
13.52539317,1.537609614,mujer,yes
10.74226198,3.022856532,mujer,no
8.978074603,2.844025924,mujer,no
9.189771928,5.081395758,mujer,no
11.23450484,3.405448695,mujer,no
10.41324309,6.401806453,mujer,no
18.64830437,3.420558092,mujer,yes
17.59560197,2.871368988,mujer,yes
15.93140976,2.640978902,mujer,yes
19.49966515,4.944349298,mujer,yes
14.88551109,3.779576866,mujer,yes
16.01915544,6.385150938,mujer,no
18.75807859,5.416809819,mujer,yes
18.88567306,1.707585064,mujer,yes
8.86918726,1.84685102,mujer,yes
11.21504919,2.210870066,mujer,yes
10.09540705,2.16241587,mujer,yes
16.39870517,2.138018917,mujer,yes
10.5554329,1.51295287,mujer,yes
8.055358813,4.73989981,mujer,no
16.11458341,3.780507488,mujer,yes
15.45017132,6.48335492,mujer,no
16.27479124,4.472876386,mujer,yes
19.89325364,3.411769466,mujer,yes
9.754038006,6.833423021,mujer,no
8.988246911,4.193413332,mujer,no
17.49168907,2.089055742,mujer,yes
10.64553885,2.735731014,mujer,yes
14.54749044,1.761442432,mujer,yes
14.42754974,5.590757963,mujer,no
15.35445547,2.011234368,mujer,yes
11.87965806,3.099949805,mujer,yes
14.30920155,6.225824088,mujer,no
18.61548405,3.352069703,mujer,yes
11.12763158,2.845538272,mujer,yes
11.45165188,3.171489822,mujer,no
14.08288462,2.120689423,mujer,yes
12.85495815,2.152195786,mujer,yes
9.055581897,3.13284331,mujer,no
13.68742963,6.490138821,mujer,no
9.608794955,6.856052946,mujer,no
8.138381547,4.847901288,mujer,no
17.37431644,5.354070615,mujer,yes
10.3216403,1.928284787,mujer,yes
15.2786779,1.986665779,mujer,yes
13.8786409,2.871804193,mujer,yes
16.97139771,4.778168781,mujer,yes
13.13106681,3.020417282,mujer,yes
18.59475495,3.769957655,mujer,yes
8.283250554,2.105102938,mujer,no
19.34926402,3.928768548,mujer,yes
14.69995595,3.49246026,mujer,yes
16.74409126,2.52424517,mujer,yes
11.98383622,1.697218774,mujer,yes
9.622897772,3.594509536,mujer,no
13.37301359,5.11829842,mujer,no
14.97545402,4.060752039,mujer,yes
12.85828132,5.865295212,mujer,no
12.31642265,6.415014368,mujer,no
15.47083944,2.481098864,mujer,yes
9.2251458,3.813679639,mujer,no
9.638863297,6.975738168,mujer,no
11.6267122,6.445968521,mujer,no
13.38486137,3.781896403,mujer,yes
10.70196426,2.375268044,mujer,yes
14.30330827,4.4150098,mujer,yes
11.49674951,3.23730522,mujer,no
13.79423002,3.364179063,mujer,yes
15.28949324,4.579626932,mujer,yes
8.330634363,3.307960998,mujer,no
12.25665485,1.620783586,mujer,yes
18.84004073,4.324078164,mujer,yes
8.131395874,2.238013834,mujer,no
9.217056875,6.717945788,mujer,no
16.0322895,2.129265122,mujer,yes
10.77841399,2.879815916,mujer,no
15.27540947,5.871044149,mujer,no
13.18771813,4.839312878,mujer,no
17.1839009,3.486786522,mujer,yes
18.46501187,4.365282471,mujer,yes
11.97842891,3.687493246,mujer,no
12.04685712,3.04126836,mujer,yes
16.3272617,4.624338192,mujer,yes
8.036405444,2.631406318,mujer,no
14.57714153,3.603052043,mujer,yes
17.20027413,5.282707366,mujer,yes
12.3894079,2.418275613,mujer,yes
18.43924736,4.14141549,mujer,yes
13.69338758,2.498627153,mujer,yes
12.91012475,5.184639773,mujer,no
16.56639972,2.392529238,mujer,yes
8.729066591,6.790566365,mujer,no
19.36606836,4.781740648,mujer,yes
19.22211304,3.101289797,mujer,yes
13.45980396,5.600934841,mujer,no
13.4538171,2.990178462,mujer,yes
14.87008585,3.060568511,mujer,yes
18.80377759,2.751172106,mujer,yes
13.64479117,3.755532812,mujer,yes
9.366953249,4.041189139,mujer,no
9.087473189,4.752149225,mujer,no
12.29328752,3.719936321,mujer,no
18.34124252,2.625605344,mujer,yes
14.93555918,6.826398436,mujer,no
11.13121944,3.135845011,mujer,no
16.56797378,2.013539052,mujer,yes
12.09029343,6.78618161,mujer,no
18.52395007,2.805350414,mujer,yes
9.994844681,4.679361001,mujer,no
13.14814281,3.798690629,mujer,yes
15.89939675,2.068095449,mujer,yes
17.15691346,2.292511358,mujer,yes
9.335363971,3.418151296,mujer,no
10.12499782,2.205149204,mujer,yes
17.64795431,6.799862586,mujer,no
12.20042855,3.562104951,mujer,no
18.58854598,3.122018338,mujer,yes
15.4479976,6.653396559,mujer,no
18.67427255,4.566088466,mujer,yes
18.1295007,6.631533658,mujer,no
11.74594857,6.367612129,mujer,no
13.3808226,6.718604545,mujer,no
12.09729541,4.468017112,mujer,no
9.807752223,2.717709587,mujer,no
8.153577711,2.481920865,mujer,no
17.35398677,2.673053235,mujer,yes
9.16893025,6.645497437,mujer,no
11.09459036,6.019665874,mujer,no
18.48567124,2.977404397,mujer,yes
12.32877271,2.736953053,mujer,yes
12.14731154,5.195475167,mujer,no
10.86189384,5.290037026,mujer,no
12.16961282,2.935381897,mujer,yes
18.3721915,5.475508457,mujer,yes
18.89014067,1.834461209,mujer,yes
14.23130195,2.05347125,mujer,yes
16.17830949,4.530140968,mujer,yes
18.37785095,5.086178889,mujer,yes
19.96583279,4.036944276,mujer,yes
8.928065254,6.974540871,mujer,no
16.69085047,6.940083431,mujer,no
9.181041726,3.671310322,mujer,no
14.93045984,6.249741683,mujer,no
10.57749714,5.709675011,mujer,no
11.51838046,3.54645408,mujer,no
18.11414623,4.732120696,mujer,yes
8.478168013,5.217971252,mujer,no
17.35638264,5.385226952,mujer,yes
8.894188826,4.5591336,mujer,no
19.91563185,5.937301522,mujer,yes
9.327839187,3.553507875,mujer,no
8.880184211,4.358162004,mujer,no
11.39127637,1.578699145,mujer,yes
12.63278948,4.765962974,mujer,no
15.03982055,1.715224069,mujer,yes
11.03883499,1.746187807,mujer,yes
18.75915543,1.647727095,mujer,yes
15.00901044,4.355271742,mujer,yes
11.30954377,5.042910696,mujer,no
17.18260737,4.619554376,mujer,yes
18.50148251,1.957967544,mujer,yes
17.60850919,6.954452835,mujer,no
11.06733122,5.550281839,mujer,no
13.90036768,2.875714954,mujer,yes
8.597613846,3.021537142,mujer,no
17.36972331,4.601312368,mujer,yes
17.69417837,6.323223863,mujer,no
14.81561135,3.083462043,mujer,yes
17.88014655,6.65258224,mujer,no
15.96491679,3.94033703,mujer,yes
13.84300757,2.933782647,mujer,yes
9.390738475,4.372223572,mujer,no
16.98751585,3.040973148,mujer,yes
15.40491606,5.052756473,mujer,no
18.00094677,5.506045713,mujer,yes
13.32838468,3.45114655,mujer,yes
8.913051693,2.26911041,mujer,no
9.001450504,4.058135013,mujer,no
14.40698555,5.828197353,mujer,no
13.43328704,5.121447788,mujer,no
11.6595693,6.834939622,mujer,no
9.628986658,6.014163635,mujer,no
10.81031614,1.577915609,mujer,yes
12.82912783,1.57916125,mujer,yes
12.42539,3.496102927,mujer,yes
9.205633808,5.87967168,mujer,no
10.92157129,4.051576317,mujer,no
9.776478428,2.649139392,mujer,no
12.35769071,5.387902285,mujer,no
17.93474682,2.312033421,mujer,yes
18.69428406,5.157746521,mujer,yes
13.81827067,2.642361507,mujer,yes
19.95335641,2.315899269,mujer,yes
11.97704447,5.400596137,mujer,no
9.085442502,3.173234708,mujer,no
18.67509136,2.350442613,mujer,yes
15.80478774,6.611800156,mujer,no
12.18933632,5.336301419,mujer,no
10.29648093,1.771099022,mujer,yes
18.79216979,2.725423308,mujer,yes
12.02712372,3.724114739,mujer,no
18.55886273,6.425586668,mujer,no
14.7595046,3.281969857,mujer,yes
11.7069435,2.581036556,mujer,yes
8.420614446,2.814162303,mujer,no
18.14777943,5.70740062,mujer,yes
8.11478148,6.295386519,mujer,no
17.9581044,3.530664903,mujer,yes
15.81970415,3.117829938,mujer,yes
10.84902508,1.621002468,mujer,yes
17.2495539,2.717254976,mujer,yes
13.69338862,6.146679447,mujer,no
8.139698023,6.680616499,mujer,no
19.35628298,3.529756884,mujer,yes
14.53155115,2.310371614,mujer,yes
12.01145236,3.924747519,mujer,no
16.096777,3.044864265,mujer,yes
14.3021188,4.479699978,mujer,no
18.74359482,5.216018107,mujer,yes
11.34069097,3.926499045,mujer,no
14.06374902,6.721559293,mujer,no
15.24388045,2.03493898,mujer,yes
14.49186227,6.817302822,mujer,no
17.08794457,4.488676537,mujer,yes
16.20970199,3.972027209,mujer,yes
18.24590714,6.972519666,mujer,no
13.3063043,6.903260454,mujer,no
14.2643652,3.809700964,mujer,yes
11.23609035,1.677781369,mujer,yes
14.95912844,1.938013306,mujer,yes
18.21456456,2.450559778,mujer,yes
15.75878338,1.724709199,mujer,yes
14.3826199,2.481233932,mujer,yes
17.24271601,3.337570234,mujer,yes
11.85987921,2.442880924,mujer,yes
15.80161019,2.453069937,mujer,yes
8.331874438,6.20197339,mujer,no
11.0026744,5.215003521,mujer,no
11.31800791,6.902832042,mujer,no
8.241163713,3.857044436,mujer,no
16.50155304,5.769656723,mujer,no
16.58432505,3.594391605,mujer,yes
11.17120377,1.605120382,mujer,yes
8.584019511,4.805913989,mujer,no
17.44980732,4.444812336,mujer,yes
13.39427573,2.05863432,mujer,yes
14.07808705,4.189416766,mujer,yes
16.24481572,5.905233948,mujer,no
10.87789166,3.030997803,mujer,no
16.86123892,6.799161052,mujer,no
15.94411097,4.281678748,mujer,yes
9.364223688,5.839018283,mujer,no
11.09660741,2.035286181,mujer,yes
12.49974385,3.129123063,mujer,yes
13.70911906,5.633201111,mujer,no
9.716947685,3.832484727,mujer,no
17.20243003,4.896172357,mujer,yes
14.66076653,2.390459283,mujer,yes
8.817995485,6.355185029,mujer,no
19.85361618,5.291170503,mujer,yes
9.63635059,4.303593192,mujer,no
10.40780732,2.085166965,mujer,yes
8.570246605,6.687210313,mujer,no
12.44317204,6.718372846,mujer,no
17.5964156,4.542974569,mujer,yes
11.53121255,3.163848501,mujer,yes
19.56155524,1.618259163,mujer,yes
17.66666641,6.875681841,mujer,no
8.158454412,5.002291195,mujer,no
15.926299,3.236529668,mujer,yes
9.956347038,3.566254266,mujer,no
11.84328938,6.058669698,mujer,no
12.14751722,6.100368255,mujer,no
8.864368727,6.440864456,mujer,no
14.69548983,4.607596875,mujer,yes
9.695219224,6.381733307,mujer,no
13.43158104,4.999239498,mujer,no
18.68956786,4.362824962,mujer,yes
10.68826628,2.443698575,mujer,yes
12.9659485,6.809296851,mujer,no
8.464154901,2.68721901,mujer,no
11.86694795,5.600997473,mujer,no
16.34329989,5.024090111,mujer,yes
15.62930342,5.007790376,mujer,yes
15.80358952,5.203102661,mujer,no
10.19877749,2.103764495,mujer,yes
14.16558748,4.356503856,mujer,yes
11.52986243,6.731429985,mujer,no
17.6778363,4.704418146,mujer,yes
9.296341574,6.33613594,mujer,no
15.78357502,4.738527701,mujer,yes
15.14321544,2.155646013,mujer,yes
8.947102744,6.071365258,mujer,no
14.01813047,1.702988892,mujer,yes
10.11633589,1.621760064,mujer,yes
14.34494082,5.401802492,mujer,no
14.17185635,1.959147874,mujer,yes
9.852361678,3.4898337,mujer,no
12.9001545,6.701113747,mujer,no
9.618228812,6.717588887,mujer,no
16.78761791,1.658970593,mujer,yes
10.75481662,2.208067588,mujer,yes
17.95084258,3.796782307,mujer,yes
19.34524601,3.394979607,mujer,yes
9.14447662,4.925260933,mujer,no
14.11735082,4.440764277,mujer,no
10.59091047,6.1707092,mujer,no
19.37311981,5.458438595,mujer,yes
11.12654471,4.672445757,mujer,no
8.243453607,1.694098596,mujer,yes
12.71361953,2.541137653,mujer,yes
18.21381675,3.792041291,mujer,yes
18.79654644,5.531575071,mujer,yes
16.22325203,6.107191242,mujer,no
10.00433233,1.521462352,mujer,yes
10.51610545,4.530869042,mujer,no
10.32046238,4.097926864,mujer,no
12.45282252,6.8627,mujer,no
8.326078776,5.438908765,mujer,no
18.73467104,6.129525483,mujer,yes
8.27647906,1.652635957,mujer,yes
10.86044395,6.843505006,mujer,no
12.84366877,3.389899905,mujer,yes
12.8401551,3.347386866,mujer,yes
14.55575072,3.144233614,mujer,yes
11.91051537,2.042901185,mujer,yes
16.57441936,3.837804265,mujer,yes
19.55320287,4.425377594,mujer,yes
16.22878111,3.664252104,mujer,yes
13.23639317,2.848315459,mujer,yes
12.33697065,5.383989274,mujer,no
17.69504107,4.93334833,mujer,yes
13.26740674,6.141245926,mujer,no
13.74894589,3.122340758,mujer,yes
14.23815331,2.864405191,mujer,yes
15.54868327,5.110524583,mujer,no
17.43820457,6.978575088,mujer,no
8.25043847,4.163967168,mujer,no
19.2271399,5.662071331,mujer,yes
12.8669405,1.767373191,mujer,yes
16.58270544,5.496455552,mujer,no
9.047917761,6.497874828,mujer,no
8.687729145,3.698200954,mujer,no
11.4453831,1.77528113,mujer,yes
8.896614884,3.534495978,mujer,no
14.41843568,4.970728045,mujer,no
18.89101817,6.142506226,mujer,yes
14.54368218,2.434706986,mujer,yes
13.90220735,3.542316224,mujer,yes
15.33736455,6.834393416,mujer,no
14.94752993,5.005197183,mujer,no
14.83701822,3.128651453,mujer,yes
8.675615583,3.111321531,mujer,no
16.72700522,3.310867122,mujer,yes
16.11046568,6.645325334,mujer,no
14.4121214,1.955437953,mujer,yes
10.91453977,3.8079444,mujer,no
11.1882842,6.28756166,mujer,no
14.41757069,3.822484553,mujer,yes
8.003873358,2.522905817,mujer,no
18.10422694,6.81003458,mujer,no
15.67777667,6.425272586,mujer,no
19.59636122,4.22162969,mujer,yes
11.13473998,2.162654323,mujer,yes
16.96314109,3.86775724,mujer,yes
14.96030856,5.112380284,mujer,no
11.41099259,2.697005627,mujer,yes
12.58146162,4.647335749,mujer,no
19.1022622,2.233706929,mujer,yes
15.72246317,6.945877069,mujer,no
15.33466409,4.077207168,mujer,yes
17.92570278,5.146875982,mujer,yes
17.74529468,5.517980774,mujer,yes
11.74861491,4.218779759,mujer,no
10.42729854,5.57465464,mujer,no
16.7682914,2.458191411,mujer,yes
8.291056343,2.053685137,mujer,no
12.50326768,4.526037361,mujer,no
16.73108011,4.637919017,mujer,yes
8.682632191,6.38791717,mujer,no
19.18426776,6.899468748,mujer,no
13.67842519,3.144405577,mujer,yes
9.631005841,4.406254073,mujer,no
14.80924181,3.110107388,mujer,yes
17.92892825,2.748364952,mujer,yes
14.04308814,3.282578882,mujer,yes
18.91716428,6.021015807,mujer,yes
9.614472445,4.397872989,mujer,no
15.03396459,4.741273757,mujer,yes
8.882594813,5.925805929,mujer,no
18.2713846,1.811494453,mujer,yes
19.89758378,1.65797051,mujer,yes
16.19231999,2.434865087,mujer,yes
11.3125721,4.560573427,mujer,no
10.81615152,4.262924924,mujer,no
18.26814228,4.43888329,mujer,yes
8.314870046,5.927776654,mujer,no
15.34421888,6.812260628,mujer,no
10.52731922,4.885201775,mujer,no
12.31820537,5.485878291,mujer,no
16.02965661,2.324435667,mujer,yes
10.77398596,5.436506317,mujer,no
19.88445868,4.0715279,mujer,yes
19.46348284,3.944535448,mujer,yes
11.17846816,4.314048387,mujer,no
15.729176,4.625408157,mujer,yes
10.20781414,6.175914549,mujer,no
11.88512778,5.994897701,mujer,no
13.90021002,2.687676635,mujer,yes
16.42939934,3.678222451,mujer,yes
18.24184153,2.487201681,mujer,yes
19.65228192,6.702974129,mujer,yes
9.505316091,2.06869535,mujer,yes
19.40464453,6.156838837,mujer,yes
11.16922263,3.851031115,mujer,no
10.55288752,4.95254536,mujer,no
17.00376607,3.232744678,mujer,yes
8.221859793,3.370746805,mujer,no
13.31689692,5.261959184,mujer,no
15.08282394,5.165321418,mujer,no
9.687628984,3.489472867,mujer,no
15.56543561,1.734883193,mujer,yes
18.60296935,3.441165388,mujer,yes
10.46660653,6.455776899,mujer,no
13.38002749,3.96797198,mujer,yes
13.8612914,1.68588942,mujer,yes
17.37573382,2.77135886,mujer,yes
14.1608873,4.844488551,mujer,no
17.72415983,2.671158034,mujer,yes
11.08002605,4.003043072,mujer,no
13.87665161,2.763975366,mujer,yes
15.33149604,4.543815103,mujer,yes
18.56457239,4.706114307,mujer,yes
17.1619183,6.047661903,mujer,no
9.710187937,3.705244642,mujer,no
16.85816076,1.856456146,mujer,yes
11.77247471,3.238392271,mujer,yes
19.84741059,2.157499965,mujer,yes
12.83329597,4.569815235,mujer,no
16.87687689,4.638553195,mujer,yes
15.15345222,5.597335236,mujer,no
17.20974235,6.198580003,mujer,no
9.369830147,2.289582583,mujer,no
17.8234057,3.482690022,mujer,yes
17.49946675,2.125308985,mujer,yes
17.65365234,6.59626656,mujer,no
11.03786345,6.784570715,mujer,no
14.48763199,2.529447146,mujer,yes
15.57145225,3.196243886,mujer,yes
14.05966755,5.817834793,mujer,no
18.82349776,2.099195657,mujer,yes
15.0508984,3.933109673,mujer,yes
19.67536288,6.059316034,mujer,yes
18.76077594,5.729709672,mujer,yes
11.10262605,3.883685719,mujer,no
15.5303158,2.23499175,mujer,yes
9.171959043,6.905287297,mujer,no
17.67072036,4.349293266,mujer,yes
15.29568346,2.228590121,mujer,yes
18.78200531,6.144040226,mujer,yes
12.65608273,4.354026871,mujer,no
10.45867654,1.86940489,mujer,yes
9.854093787,2.684927998,mujer,no
13.22487707,1.558188599,mujer,yes
9.470373512,5.040887468,mujer,no
14.48801652,6.157599206,mujer,no
13.79172015,6.572682994,mujer,no
18.39807095,1.610065732,mujer,yes
9.871776401,6.621791259,mujer,no
8.394320373,3.393974878,mujer,no
8.47405644,2.009689247,mujer,no
8.187461088,2.480926702,mujer,no
17.19307324,3.184009381,mujer,yes
13.80985872,5.850417917,mujer,no
11.91170201,4.98228687,mujer,no
9.612166584,2.765003879,mujer,no
14.75928427,5.667895596,mujer,no
17.98650761,6.349024152,mujer,no
11.85765093,5.935134978,mujer,no
8.381144742,5.106313145,mujer,no
14.43466856,4.483649538,mujer,yes
19.5131818,6.589365372,mujer,yes
8.851995233,4.678646626,mujer,no
17.71922806,3.491644719,mujer,yes
15.07081745,1.674934012,mujer,yes
8.801123108,6.131396042,mujer,no
10.64585439,4.487629311,mujer,no
15.2201583,2.639562275,mujer,yes
13.71036318,4.585716243,mujer,no
12.56535026,5.016952773,mujer,no
10.52138285,6.643255528,mujer,no
11.53535417,6.64466924,mujer,no
12.04638546,6.216581402,mujer,no
10.06259936,4.253447331,mujer,no
17.83738121,3.613709745,mujer,yes
16.00828717,4.039987387,mujer,yes
14.73261584,4.796074539,mujer,no
16.96447502,2.670241983,mujer,yes
19.25277407,2.001570686,mujer,yes
15.95807517,3.530189247,mujer,yes
12.01705398,3.728457517,mujer,no
10.09134233,5.021058319,mujer,no
11.45084566,3.225435094,mujer,no
16.17692281,4.527011077,mujer,yes
11.31273737,2.645690397,mujer,yes
14.83322359,5.16244914,mujer,no
8.509383877,6.81136366,mujer,no
15.74692867,2.945227982,mujer,yes
15.92283053,2.953030238,mujer,yes
13.17339568,3.636007553,mujer,yes
18.63267719,2.838369622,mujer,yes
9.813377581,6.409433601,mujer,no
15.07097825,3.84791889,mujer,yes
11.11643719,3.143138362,mujer,no
10.08751843,5.292865136,mujer,no
11.8315128,3.15126385,mujer,yes
11.38300426,5.713872803,mujer,no
14.85170643,3.365133994,mujer,yes
19.86568302,6.539393465,mujer,yes
9.582668596,2.476508218,mujer,no
15.11782586,6.872850813,mujer,no
9.512643076,2.430398132,mujer,no
19.94170729,6.07847967,mujer,yes
9.64764573,6.483238229,mujer,no
14.16324694,3.433193054,mujer,yes
8.693446754,3.917950203,mujer,no
12.35922132,2.129169038,mujer,yes
16.35232812,5.913704097,mujer,no
16.44703905,4.777282076,mujer,yes
18.08810815,6.675490924,mujer,no
16.711633,5.946080213,mujer,no
12.05793899,6.388749284,mujer,no
19.51705975,3.194927254,mujer,yes
15.8576558,2.951122088,mujer,yes
18.87219911,5.637336306,mujer,yes
16.99766374,3.572153595,mujer,yes
13.9046317,3.983223431,mujer,yes
8.58813516,1.768374001,mujer,yes
9.575554917,4.900573062,mujer,no
10.94904761,3.790381241,mujer,no
18.00876054,4.434391758,mujer,yes
8.156882942,6.761767931,mujer,no
19.93163506,4.631518904,mujer,yes
11.96198711,5.260324305,mujer,no
19.11759393,5.784482831,mujer,yes
11.0246437,2.604734972,mujer,yes
18.48600044,4.824164712,mujer,yes
10.73616099,5.314026145,mujer,no
16.10890816,6.226373884,mujer,no
12.61011443,3.242713884,mujer,yes
13.74241659,4.129031985,mujer,yes
9.751401096,6.347816664,mujer,no
18.6333978,3.01838457,mujer,yes
19.65332405,3.948443986,mujer,yes
18.56531411,3.806293598,mujer,yes
13.27137923,1.586314986,mujer,yes
14.88080308,6.204493307,mujer,no
16.35818172,3.196888254,mujer,yes
16.45713865,2.064874389,mujer,yes
8.98582101,6.328528295,mujer,no
17.736593,5.365862249,mujer,yes
9.207315964,3.661094073,mujer,no
11.43195876,5.209676155,mujer,no
16.73224704,5.67667404,mujer,no
11.39538453,1.850814893,mujer,yes
11.15607105,2.604396313,mujer,yes
10.33098436,2.117176308,mujer,yes
8.28411867,2.470124078,mujer,no
9.437873166,2.502684231,mujer,no
13.82769469,2.212340308,mujer,yes
13.56291647,1.613570953,mujer,yes
13.65252624,4.08917529,mujer,yes
17.24163832,3.807726335,mujer,yes
14.40533184,2.736398446,mujer,yes
16.13681012,2.77259015,mujer,yes
16.8758403,5.666847386,mujer,no
17.85946407,5.669219835,mujer,yes
19.94881547,2.170973089,mujer,yes
15.75064876,2.585463766,mujer,yes
8.398948793,4.624142461,mujer,no
14.87368648,4.31047034,mujer,yes
11.29435354,6.352816178,mujer,no
19.60715911,2.260442545,mujer,yes
8.943243733,5.126481251,mujer,no
12.13761162,6.294703536,mujer,no
16.75285437,2.089821032,mujer,yes
17.38862975,3.321838934,mujer,yes
9.711981189,2.801662681,mujer,no
19.71492114,5.218595646,mujer,yes
11.85573249,3.473242661,mujer,no
15.16156713,5.733514099,mujer,no
10.35224615,1.584156114,mujer,yes
16.66710624,4.194151981,mujer,yes
17.73651167,2.726398566,mujer,yes
18.62820049,3.00026757,mujer,yes
9.631786588,2.801681782,mujer,no
19.18505977,4.546158821,mujer,yes
15.66468653,2.449113242,mujer,yes
19.97096172,6.440714803,mujer,yes
18.85979501,3.06750919,mujer,yes
19.64037327,6.978658362,mujer,no
12.77307297,3.408402306,mujer,yes
14.88653589,3.353722116,mujer,yes
14.01915034,2.156576643,mujer,yes
19.76376862,3.696302814,mujer,yes
13.92506245,5.922884143,mujer,no
9.068535139,5.526416088,mujer,no
18.09493404,1.831677457,mujer,yes
16.85108983,5.404916317,mujer,yes
13.60407513,3.007263625,mujer,yes
19.66829128,6.781684398,mujer,yes
11.08396506,2.925329866,mujer,yes
11.38448771,4.255036961,mujer,no
16.9020561,1.765498627,mujer,yes
9.699104569,5.128867899,mujer,no
11.28076976,4.236691852,mujer,no
13.6617543,5.978048638,mujer,no
12.48106968,3.734058684,mujer,no
9.630187958,5.470924702,mujer,no
11.2090205,4.572766338,mujer,no
17.21089591,3.684966259,mujer,yes
19.43152433,5.725212485,mujer,yes
11.75765731,4.149589663,mujer,no
13.39659016,5.219490874,mujer,no
10.5815742,5.062286568,mujer,no
15.77856102,2.73289713,mujer,yes
14.5219291,2.371587448,mujer,yes
9.642494069,5.762281029,mujer,no
18.51745739,2.662148375,mujer,yes
15.95589391,2.601106385,mujer,yes
15.02073705,1.754844455,mujer,yes
17.11199586,5.477749309,mujer,yes
13.36345231,5.638963106,mujer,no
15.93844618,2.75739526,mujer,yes
13.7017554,1.617883075,mujer,yes
14.50740012,6.043947673,mujer,no
9.410428169,1.850872298,mujer,yes
9.458219677,5.245318243,mujer,no
11.49811372,4.529001006,mujer,no
16.47261235,3.524639712,mujer,yes
10.22830798,5.493519627,mujer,no
11.76807117,3.743901044,mujer,no
8.537107376,5.020149672,mujer,no
11.79572036,6.07691943,mujer,no
8.214049122,4.903555943,mujer,no
18.03308193,5.947785017,mujer,yes
8.443995228,3.337333552,mujer,no
10.56873866,4.096820073,mujer,no
12.71880631,5.497443933,mujer,no
19.97226568,6.53247736,mujer,yes
9.216473894,3.63910408,mujer,no
19.73990406,4.83433714,mujer,yes
15.71180721,2.154952133,mujer,yes
17.60445053,5.849214328,mujer,yes
19.42139749,6.08765875,mujer,yes
15.57988008,4.999670149,mujer,yes
11.30590091,6.71964667,mujer,no
17.49630695,1.67503587,mujer,yes
13.0403989,6.075793608,mujer,no
9.518951246,1.996710403,mujer,yes
18.70820127,5.190797999,mujer,yes
10.56260618,3.143886563,mujer,no
15.40774448,4.043441421,mujer,yes
16.9143657,5.780687042,mujer,no
9.13692053,1.626640494,mujer,yes
16.74426583,3.553786635,mujer,yes
17.74139048,6.260451482,mujer,no
12.99487408,5.298516257,mujer,no
13.88919741,5.575711161,mujer,no
12.91293989,1.757020092,mujer,yes
13.06121648,1.514406752,mujer,yes
15.69112494,4.597811451,mujer,yes
17.32174852,5.94975044,mujer,no
13.79774442,4.273836247,mujer,no
10.82563174,5.121749946,mujer,no
10.27466019,6.508712503,mujer,no
14.7179707,1.761278637,mujer,yes
12.76508372,4.689442966,mujer,no
10.83227723,3.334714636,mujer,no
12.99597646,2.127546186,mujer,yes
15.9196098,4.15219355,mujer,yes
18.42704601,3.523581672,mujer,yes
10.04809974,5.057871317,mujer,no
15.28625399,2.510462669,mujer,yes
9.70543012,2.817209281,mujer,no
12.91681075,2.034844924,mujer,yes
18.15316292,4.939183844,mujer,yes
15.78837749,1.709994662,mujer,yes
11.50414516,3.692656262,mujer,no
17.73895979,6.041889488,mujer,no
11.92372382,6.739354329,mujer,no
15.04170641,1.905214087,mujer,yes
16.60955759,2.731736781,mujer,yes
8.618196939,3.444238184,mujer,no
18.65761046,5.430395491,mujer,yes
10.42059493,6.038561984,mujer,no
9.047877947,4.151376381,mujer,no
13.62382787,6.298217828,mujer,no
13.46532024,2.141925694,mujer,yes
17.62279095,6.95042644,mujer,no
15.77460187,4.540654307,mujer,yes
15.36851911,5.69049601,mujer,no
11.82524638,4.100076177,mujer,no
18.11475852,2.144314895,mujer,yes
18.71177886,6.43119577,mujer,no
18.85584005,5.728255876,mujer,yes
12.55880328,6.374196061,mujer,no
9.361861799,5.213739574,mujer,no
10.30645065,2.297290582,mujer,yes
14.5245552,3.273335553,mujer,yes
15.44324972,2.920737028,mujer,yes
8.504146609,2.668895827,mujer,no
14.39963144,4.416502171,mujer,yes
18.44236846,6.530895566,mujer,no
11.47914318,3.618507669,mujer,no
19.85748498,2.882381317,mujer,yes
15.36450544,2.000189448,mujer,yes
14.40282289,4.932999722,mujer,no
15.68466812,4.280677335,mujer,yes
11.97436483,3.609373481,mujer,no
19.25911436,6.095963679,mujer,yes
10.90259776,2.99674894,mujer,no
17.49597214,4.817901661,mujer,yes
17.60473378,2.717948845,mujer,yes
12.10612328,1.682992561,mujer,yes
13.53254642,3.245818325,mujer,yes
9.123161784,5.966791767,mujer,no
17.04739606,3.683621532,mujer,yes
11.99720834,3.834849646,mujer,no
10.916795,2.184519315,mujer,yes
11.84021294,2.561431264,mujer,yes
18.21747437,5.469532852,mujer,yes